INSERT INTO users VALUES
('cust1','1','Покупатель'),
('cust2','2','Покупатель'),
('cust3','3','Покупатель'),
('cust4','4','Покупатель'),
('cust5','5','Покупатель'),
('cust6','6','Покупатель'),
('cust7','7','Покупатель'),
('cust8','8','Покупатель'),
('cust9','9','Покупатель'),
('cust10','10','Покупатель'),
('admin','adm','Администратор'),
('director','director','Администратор'),
('emp1','1','Сотрудник'),
('emp2','2','Сотрудник'),
('emp3','3','Сотрудник'),
('emp4','4','Сотрудник'),
('emp5','5','Сотрудник'),
('emp6','6','Сотрудник'),
('emp7','7','Сотрудник'),
('emp8','8','Сотрудник'),
('emp9','9','Сотрудник'),
('emp10','10','Сотрудник'),
('emp11','11','Сотрудник'),
('yurnach','yura','Сотрудник'),
('proizvodstvoLeon','pro','Сотрудник');

INSERT INTO customers(ogrn, inn, snp, firmtitle,city,phone,email,login) VALUES 
('1115321007273', '6678031529','Якушева Зоя Витальевна', 'КомплектОпт','Краснодар', '+79105873412', 'yakusheva_z@yandex.ru','cust1'),
('1124671107016','6634631346','Маслов Вадим Константинович','ТоргСбыт','Калуга','+79156269908','maslov.v@gmail.com','cust2'),
('1126471006365','5637631754','Шестаков Лукьян Игнатьевич','КомплектСтандарт','Тула','+79203379272','l_shestakov@mail.ru','cust3'),
('1176431002678','6627831176','Алексеева Прасковья Альвиановна','Сбыт-Про','Тольятти','+79105446243','pr_alex@yahoo.com','cust4'),
('1112641001754','6623631374','Соколов Гордей Донатович','ТрейдПроект','Рязань','+79038382255',';rdey_sokolov@rambler.ru','cust5'),
('1123541005724','5627631236','Копылова Василиса Ярославовна','ОптЛарёк-М','Винница','+79517285524','vasilisa_kopylova@mail.ru','cust6'),
('1124651006245','6617831157','Ефремова Милица Вадимовна','ТоргТрест','Орёл','+79155326673','efremova_m@yandex.ru','cust7'),
('1123561007532','6617531356','Стрелкова Юлия Евсеевна','СнабФабрика','Псков','+79183355196','strelkova.feya@gmail.com','cust8'),
('1118651001752','6626731167','Матвиенко Дамир Станиславович','ОптСнаб','Белгород','+79156269900','damirchik008@mail.ru','cust9'),
('1137851008952','5627531785','Миронов Никита Станиславович','ГорТренингКоммерц','Курск','+79005446412','nikitaoxxxymironov@gmail.com','cust10');
INSERT INTO institutions(title,city,address,inst_type,phone) VALUES 
('Главный офис компании Мамонтёнок','Рязань','ул. Введенская, д. 91','Главный офис', '+74912453840'),
('Филиал компании Мамонтёнок в Северо-Кавказском ФО','Ставрополь','ул. Ленина, 310','Филиал','+78652330012'),
('Филиал компании Мамонтёнок в Южном ФО','Ростов-на-Дону','ул. Зорге, 70','Филиал','+78636989898'),
('Филиал компании Мамонтёнок в Северо-Западном ФО','Санкт-Петербург','ул. Тихомировская, 20','Филиал','+78124302929'),
('Филиал компании Мамонтёнок в Приволжском ФО','Нижний Новгород','Бурнаковский проезд, 79','Филиал','+78312440202'),
('Филиал компании Мамонтёнок в Уральском ФО','Екатеринбург','ул. Фурманова, 110','Филиал','+73434875151'),
('Филиал компании Мамонтёнок в Сибирском ФО','Новосибирск','ул. Ипподромская, 214','Филиал','+73832142211'),
('Филиал компании Мамонтёнок в Дальневосточном ФО','Хабаровск','ул. Большая, 95','Филиал','+74212990990'),
('Центральный магазин Мамонтёнок в Москве','Москва','ул. Русаковская, 6','Центральный магазин', '+74956642213'),
('Магазин Мамонтёнок в Лотте Плаза', 'Москва', 'Новинский бульвар, 6', 'Магазин','+74952303333'),
('Центральный магазин Мамонтёнок во Владимире','Владимир','ул. Горького, 60','Центральный магазин','+74922553455'),
('Магазин Мамонтёнок в Мегаторг','Владимир','Тракторная ул., 45','Магазин','+74922537712'),
('Центральный магазин Мамонтёнок в Ярославле','Ярославль','ул. Есенина, 23','Центральный магазин','+74852305305'),
('Магазин Мамонтёнок в Виктории Плаза','Рязань','Первомайский пр., 70к1','Магазин','+74912956561'),
('Центральный магазин Мамонтёнок в Санкт-Петербурге','Санкт-Петербург','ул. Тихомировская, 21','Центральный магазин','+78124302930'),
('Центральный магазин Мамонтёнок в Ростове-на-Дону','Ростов-на-Дону','ул. Зорге, 71','Центральный магазин','+78636989899'),
('Центральный магазин Мамонтёнок в Нижнем Новгороде','Нижний Новгороде','Бурнаковский проезд, 80','Центральный магазин','+78312440205'),
('Центральный магазин Мамонтёнок в Екатеринбурге','Екатеринбург','ул. Фурманова, 110','Центральный магазин','+73434875150'),
('Центральный магазин Мамонтёнок в Новосибирске','Новосибирск','ул. Ипподромская, 214','Центральный магазин','+73832142210'),
('Центральный магазин Мамонтёнок в Хабаровске','Хабаровск','ул. Большая, 96','Центральный магазин','+74212990980'),
('Центральный магазин Мамонтёнок во Владивостоке','Владивосток','Океанский проезд, 91','Центральный магазин','+74239012232');

INSERT INTO departments(title,employee_count,snp_chief,institution) VALUES ('Отдел маркетинга в Южном филиале',5,'Самсонов Евсей Владимирович',3),
('Отдел маркетинга главного офиса',5,'Сергеев Леонид Максимович',1),
('Отдел маркетинга в Приволжском филиале',5,'Кабанов Геласий Алексеевич',5),
('Отдел маркетинга в Северо-Западном филиале',5,'Медведьева Василиса Дамировна',4),
('Отдел маркетинга в Северо-Кавказском филиале',5,'Колобова Виктория Христофоровна',2),
('Отдел маркетинга в Сибирском филиале',5,'Галкин Александр Тихонович',7),
('Отдел маркетинга в Уральском филиале',5,'Лукина Раиса Иринеевна',6),
('Отдел маркетинга в Дальневосточном филиале',5,'Воронцова Мария Лаврентьевна',8),
('Отдел производства в Южном филиале',30,'Боброва Лариса Гордеевна',3),
('Отдел производства главного офиса',30,'Ефимов Леонид Аркадьевич',1),
('Отдел производства в Приволжском филиале',30,'Кузнецова Юлия Федотовна',5),
('Отдел производства в Северо-Западном филиале',30,'Егоров Варлам Пантелеймонович',4),
('Отдел производства в Северо-Кавказском филиале',30,'Ершов Артём Матвеевич',2),
('Отдел производства в Сибирском филиале',30,'Комиссаров Филат Борисович',7),
('Отдел производства в Уральском филиале',30,'Федотова Любовь Дании`ловна',6),
('Отдел производства в Дальневосточном филиале',30,'Елисеев Матвей Антонович',8),

('Отдел информатизации в Южном филиале',10,'Федосеев Илья Федосеевич',3),
('Отдел информатизации главного офиса',10,'Князев Егор Степанович',1),
('Отдел информатизации в Приволжском филиале',10,'Тимофеев Ярослав Альвианович',5),
('Отдел информатизации в Северо-Западном филиале',10,'Пахомова Прасковья Степановна',4),
('Отдел информатизации в Северо-Кавказском филиале',10,'Дьячкова Светлана Владиславовна',2),
('Отдел информатизации в Сибирском филиале',10,'Кононов Гордей Степанович',7),
('Отдел информатизации в Уральском филиале',10,'Емельянов Парфений Григорьевич',6),
('Отдел информатизации в Дальневосточном филиале',10,'Баранов Германн Геннадьевич',8),
('Отдел продаж в Южном филиале',7,'Миронов Созон Лаврентьевич',3),
('Отдел продаж главного офиса',7,'Дементьев Арсений Гордеевич',1),
('Отдел продаж в Приволжском филиале',7,'Мамонтова Антонина Семёновна',5),
('Отдел продаж в Северо-Западном филиале',7,'Калашникова Тамара Семёновна',4),
('Отдел продаж в Северо-Кавказском филиале',7,'Владимирова Валерия Богдановна',2),
('Отдел продаж в Сибирском филиале',7,'Логинов Федосей Кимович',7),
('Отдел продаж в Уральском филиале',7,'Шашков Евгений Брониславович',6),
('Отдел продаж в Дальневосточном филиале',7,'Гришина Зоя Агафоновна',8),
('Юридический отдел в Южном филиале ',4,'Афанасьев Илья Русланович',3),
('Юридический отдел главного офиса ',4,'Поляков Агафон Федосеевич',1),
('Юридический отдел в Приволжском филиале ',4,'Колесникова Алла Серапионовна',5),
('Юридический отдел в Северо-Западном филиале',4,'Гущин Федосей Ильяович',4),
('Юридический отдел в Северо-Кавказском филиале ',4,'Гусев Донат Николаевич',2),
('Юридический отдел в Сибирском филиале ',4,'Герасимов Мэлс Агафонович',7),
('Юридический отдел в Уральском филиале ',4,'Беспалова Нина Олеговна',6),
('Юридический отдел в Дальневосточном филиале ',4,'Мухина Синклитикия Арсеньевна',8),
('Отдел по работе с персоналом в Южном филиале',5,'Куликова Алевтина Пантелеймоновна',3),
('Отдел по работе с персоналом главного офиса',5,'Волкова Элеонора Ростиславовна',1),
('Отдел по работе с персоналом в Приволжском филиале',5,'Шашкова Регина Олеговна',5),
('Отдел по работе с персоналом в Северо-Западном филиале',5,'Исаков Антон Демьянович',4),
('Отдел по работе с персоналом в Северо-Кавказском филиале',5,'Ковалёв Евгений Васильевич',2),
('Отдел по работе с персоналом в Сибирском филиале',5,'Борисов Варлам Кондратович',7),
('Отдел по работе с персоналом в Уральском филиале',5,'Самсонова Алла Фроловна',6),
('Отдел по работе с персоналом в Дальневосточном филиале',5,'Зайцев Гордей Пётрович',8),
('Бухгалтерия в Южном филиале',7,'Васильев Валентин Иванович',3),
('Бухгалтерия главного офиса',7,'Устинов Егор Владимирович',1),
('Бухгалтерия в Приволжском филиале',7,'Наумова Ксения Степановна',5),
('Бухгалтерия в Северо-Западном филиале',7,'Гурьева Нинель Романовна',4),
('Бухгалтерия в Северо-Кавказском филиале',7,'Терентьев Денис Станиславович',2),
('Бухгалтерия в Сибирском филиале',7,'Гришин Макар Яковович',7),
('Бухгалтерия в Уральском филиале',7,'Григорьев Евгений Якунович',6),
('Бухгалтерия в Дальневосточном филиале',7,'Иванова Октябрина Данииловна',8),
('Отдел качества в главного офиса',3,'Жданов Вадим Аркадьевич',1),
('Отдел качества в Южном филиале',3,'Тарасова Раиса Тихоновна',3),
('Отдел качества в Приволжском филиале',3,'Степанов Даниил Геннадьевич',5),
('Отдел качества в Северо-Западном филиале',3,'Якушева Алевтина Дамировна',4),
('Отдел качества в Сибирском филиале',3,'Пахомов Антон Алексеевич',7),
('Отдел качества в Уральском филиале',3,'Полякова София Витальевна',6),
('Отдел качества в Дальневосточном филиале',3,'Антонов Богдан Федотович',8),
('Отдел качества в Северо-Кавказском филиале',3,'Меркушев Владимир Альбертович',2),
('Отдел логистики Москва',5,'Мишин Владимир Вадимович',9),
('Отдел логистики Санкт-Петербург',5,'Уваров Никита Дамирович',15),
('Отдел логистики Нижний Новгород',5,'Моисеева Василиса Протасьевна',17),
('Отдел логистики Владимир',5,'Матвиенко Илья Дмитриевич',11),
('Отдел логистики Рязань',5,'Самсонова Алина Валерьевна',1),
('Отдел логистики Екатеринбург',5,'Уварова Дарья Викторовна',18),
('Отдел логистики Новосибирск',5,'Михайлов Степан Валерьянович',19),
('Отдел логистики Хабаровск',5,'Копылов Сергей Борисович',20),
('Отдел логистики Владивосток',5,'Волкова Ульяна Антоновна',21), --72
('Отдел кассовых операций Москва',5,'Ширяев Семён Агафонович',9),
('Отдел кассовых операций Санкт-Петербург',5,'Киселёв Святослав Романович',15),
('Отдел кассовых операций Нижний Новгород',5,'Вишняков Ким Брониславович',17),
('Отдел кассовых операций Владимир',5,'Горбачёва Евдокия Юрьевна',11),
('Отдел кассовых операций Рязань',5,'Богданов Авксентий Евсеевич',1),
('Отдел кассовых операций Екатеринбург',5,'Титова Лидия Игнатьевна',18),
('Отдел кассовых операций Новосибирск',5,'Зыкова Полина Владимировна',19),
('Отдел кассовых операций Хабаровск',5,'Данилов Игнатий Авдеевич',20),
('Отдел кассовых операций Владивосток',5,'Мельников Агафон Эдуардович',21) --81
;

INSERT INTO seats(seat,salary) VALUES 	
('Художник',48000),
('Фрезеровщик',24000),
('Проектировщик',29000),
('Швея',24000),
('Грузчик',12000),
('Экспедитор', 20000),
('Водитель',15000),
('Психолог',28000),
('Конструктор',37000),
('Набивщик',17000),
('Юрист',40000),
('Маркетолог',30000),
('Системный администратор',30000),
('Бухгалтер',30000),
('Менеджер качества',40000),
('Менеджер отдела продаж', 35000),
('Специалист по работе с персоналом',35000),
('Работник склада', 20000),
('Кассир', 19000),
('Упаковщик', 20000),
('Начальник юридического отдела', 90000),
('Начальник финансового отдела', 90000),
('Начальник производственного отдела', 120000),
('Начальник цеха', 60000),
('Специалист отдела снабжения', 18000),
('Начальник отдела логистики', 66000),
('Директор предприятия', 150000)
;

INSERT INTO employees(snp,birthdate,city,address,phone,seat,department,institution, login) VALUES	
('Третьяков Гордей Онисимович','1972-10-20','Санкт-Петербург','ул. Пантелеева, 30, кв.12','+79102536477',1,12,4,'emp1'),
('Максимов Пётр Лукьянович','1981-01-09','Ростов-на-Дону','ул. Горная, 73, кв.14','+79206341265',3,9,3,'emp2'),
('Рожков Григорий Владимирович','1984-02-14','Рязань','ул. Беспалова, 40, кв.69','+79038385513',6,10,1,'emp3'),
('Овчинников Валентин Андреевич','1989-04-17','Москва','ул. Ленина, 208, кв.81','+79056652396',16,74,9,'emp4'),
('Фролова Анжелика Германновна','1982-05-12','Екатеринбург','ул. Александрова, 90, кв.56','+79519904366',4,15,6,'emp5'),
('Мельников Валерий Валентинович','1978-03-19','Нижний Новгород','ул. Муромская,29, кв.12','+79523885420',2,11,5,'emp6'),
('Кудрявцев Алексей Фёдорович','1976-12-15','Владивосток','ул. Зареченская, 14, кв.22','+79517675543',15,73,21,'emp7'),
('Гуляева Любовь Геннадьевна','1979-11-20','Хабаровск','ул. Павлова, 200, кв.114','+79106129824',9,8,8,'emp8'),
('Евсеев Сергей Станиславович','1974-06-30','Ставрополь','ул. Тихомировская, 10 кв.4','+79203346412',17,5,2,'emp9'),
('Кошелева Мария Максимовна','1980-03-14','Новосибирск','ул. Мирная, 38 кв. 8','+79156269973',12,61,7,'emp10'),
('Тарасова Нинель Германновна','1986-07-22','Владимир','ул. Темная, 25 кв. 29','+79102456742',16,77,11,'emp11'),
('Ефимов Леонид Аркадьевич','1985-09-24','Рязань','ул. Дзержинского, 72, кв. 20','+79105236579',23,9,1,'proizvodstvoLeon'),
('Облепихин Денис Порфирьевич','1984-09-25','Рязань','ул. Дзержинского, 23, кв. 5','+79035146579',13,18,1,'admin'),
('Великий Ким Борисович','1988-09-14','Рязань','ул. Дзержинского, 23, кв. 20','+79205652379',27,18,1,'director'),
('Болелов Михаил Семёнович','1980-01-03','Рязань','ул. Семинарская, 23, кв. 1','+79205652379',21,34,1,'yurnach')
;


INSERT INTO equipment_types(equipment_type) VALUES ('Инструменты для вышивания'),
('ЭВМ и комплектующие'),
('Крупногабаритное автоматизированное'),
('Крупногабаритное для ручного использования')
;

INSERT INTO Equipment(title,manufacture_date,eq_function,eq_type) VALUES ('Шнековая машина','2016-11-12','Изготовление пластмассовых игрушек', 1),
('Швейная машина','2010-02-12','Изготовление мягких игрушек',1),							 	
('Стационарный ПК','2013-08-14','Проектирование игрушек',2),	
('Шлифовальный станок','2012-10-22','Изготовление деревянных игрушек',4),	
('Сверлильный станок','2008-05-13','Изготовление деревянных игрушек',4),	
('Кромкооблицовочный станок','2009-12-06','Изготовление деревянных игрушек',4),	
('Фрезерный станок с числовым программным управлением','2016-01-30','Изготовление деревянных игрушек',4),	
('Автоматизированная холодильная камера','2016-02-07','Изготовление пластмассовых игрушек',3),	
('Машина для плавления сырья','2007-06-06','Изготовление пластмассовых игрушек',3),	
('Механический пресс','2010-08-09','Изготовление резиновых игрушек',3),				
('Вздуватель','2011-07-12','Изготовление резиновых игрушек',3),		
('Токарно-винторезный станок', '2016-08-04','Изготовление деревянных игрушек',4),	 
('Гофроагрегат','2016-04-12','Изготовление упаковки',4),
('Термопластавтомат','2016-07-15','Изготовление пластмассовых упаковок',4)
;

INSERT INTO materials(material) VALUES 	
('Резина'),
('Пластик'),
('Ткань'),
('Липа'),
('Берёза'),
('Сосна'),
('Бук'),
('Винил'),
('Картон'),
('Трикотаж'),
('Кожа')
;
INSERT INTO packages(length,width,height,weight,material) VALUES (20,30,50,45,9),
(22,33,11,159,2),
(100,81,45,520,9),
(340,220,100,540,9),
(100,230,120,400,9),
(20,23,23,45,2),
(450,200,100,540,9)
;

INSERT INTO suppliers(ogrn,inn,firmtitle,snp_director,contract_validity,contract_sign_date) VALUES ('1176431002645','6678031529','КомплектТрикотаж','Кулагина Людмила Владленовна',2,'2016-04-04'),
('1124671107016','6634631346','СнабКожа','Денисова Лариса Данииловна',1,'2016-06-14'),
('1126471006365','5637631754','Сосновая поляна','Мишин Пантелеймон Семёнович',1,'2016-09-13'),
('1176431002678','6627831176','ТекстильСплав','Анисимова Валерия Ефимовна',1,'2016-05-18'),
('1123541005724','6623631374','Пластика','Мамонтова Фаина Степановна',2,'2015-07-10'),
('1137851008952','5627631236','КартонТекстиль','Егорова Лукия Владимировна',3,'2014-10-20'),
('1124651006245','6617831157','Лассо','Ширяев Мстислав Денисович',2,'2016-04-30'),
('1118651001752','6617531356','Веретено','Кошелева Евфросиния Еремеевна',2,'2016-08-20'),
('1123561007532','6626731167','Виниловый мозг','Панова Алина Лукьяновна',2,'2016-03-04'),
('1137851008952','5627531785','Картонный коллайдер','Молчанова Варвара Мстиславовна',1,'2016-05-03'),
('1137851003252','6623631374','ДереваБУМ','Брагина Евгения Германовна',2,'2015-10-08'),
('1137851001652','6623631372','КраснодарЛес','Крюков Глеб Эдуардович',1,'2016-02-02')
;
INSERT INTO procurements(procurement_date,material_count,supplier,material) VALUES ('2017-07-06',111222,1,10),
('2017-06-03',133000,2,1),
('2017-05-10',100600,5,2),
('2017-07-12',208000,6,3),
('2017-04-21',90200,3,6),
('2017-09-13',90210,12,5),
('2017-09-17',90220,12,4),
('2017-10-20',88010,11,7),
('2017-12-28',144000,9,8),
('2017-10-31',208000,6,9),
('2017-04-04',125000,10,9),
('2017-03-03',400000,9,8),
('2017-08-18',400000,7,7),
('2017-05-14',400000,2,11)
;


INSERT INTO orders(toy_title, order_cost, currency,product_amount,order_state,execution_date,customer) VALUES 	('Деревянный Самолет F117',734,'руб.',20,'Поступил в очередь','2017-10-18',2),
('Белая уточка для купания',337,'руб.',15,'Изготавливается','2017-04-20',3),
('Резиновый пингвинёнок Ло-Ло',420,'руб.',10,'Ожидает заказчика','2017-03-10',1),
('Игрушка-антистресс "Привидение"',240,'руб.',30,'Упаковывается','2017-02-07',4),
('Веселый слоник, мягкая игрушка',502,'руб.',12,'Изготавливается','2017-05-13',2),
('Мягкий конструктор в сумке',780,'руб.',3,'Поступил в очередь','2017-06-14',5),
('Железная дорога "Томас и его друзья"',5500,'руб.',9,'Поступил в очередь','2017-07-14',7),
('Конструктор ПОБЕДИТЕЛЬ',336,'руб.',7,'Поступил в очередь','2017-08-11',6),
('Деревянный автомобиль будущего',290,'руб.',5,'Изготавливается','2017-06-19',8),
('Набор трикотажных зайцев',900,'руб.',20,'Изготавливается','2017-04-15',9),
('Стегозавр Procon',340,'руб.',20,'Упаковывается','2017-02-03',10)
;


INSERT INTO toy_types(toy_type) VALUES ('Мягкая'),('Транспорт'),('Кукла'),('Конструктор'),('Деревянная'),('Оружие'),('Фигурка'),('Кухонный прибор'),('Антистресс')
;



INSERT INTO toys(barcode,title,produce_date,additional_info,age_category,restrictions,net_weight,length,width,height,gross_weight,details_count,toy_type,institution,material) VALUES 	('4601512000014','Конструктор ПОБЕДИТЕЛЬ',NULL,'Конструктор ПОБЕДИТЕЛЬ позволяет начинающим строителям строить разные конструкции — мосты, дома, туннели, деревья, в конструкторе вы также найдете фигурки мальчика и собаки, колеса и все необходимые элементы для того, чтобы построить паровозик с вагончиками.','2-5','2+',600,354,19,9,650,31,4,1,2),
('4601512000027','Стегозавр Procon','2017-01-04','Фигурка Стегозавр это уменьшенная копия настоящего стегозавра. Кажется, что игрушка вот-вот оживет. Внешний вид фигурки основан на научных данных и позволяет получить точное представление о внешности этого грозного ящера.','3-10','3+',108,160,40,850,170,1,7,3,2),
('4601512000034','Игрушка-антистресс "Привидение"',NULL,'Герои популярной еще в 90-е годы игры научились не только развлекать людей, но и помогать им, освобождаться от чрезмерных переживаний, вызванных стрессовыми ситуациями.','3-12','3+',46,100,70,40,120,1,9,4,1),
('4601512000041','Веселый слоник, мягкая игрушка',NULL,'Игрушка "Веселый Слоник" поможет вашему малышу в развитии, а также подарит ему массу положительных эмоций!','от 3 месяцев',NULL,90,12,30,50,100,1,1,2,3),
('4601512000058','Деревянный автомобиль будущего',NULL,'Отличный вариант подарка для любящего военную технику творческого ребенка - этот набор, из которого можно самому сделать красивую деревянную фигуру!','3-12','3+',120,23,37,10,150,2,5,7,1),
('4601512000065','Деревянный Самолет F117,','2016-10-20','Этот набор произведен из качественных и безопасных для детей материалов - дерево тщательно обработано.','3-12','3+',130,23,37,10,160,2,5,5,5),
('4601512000072','Деревянный Самолет F117,',NULL,'Этот набор произведен из качественных и безопасных для детей материалов - дерево тщательно обработано.','3-12','3+',130,23,37,10,160,2,5,5,5)
;


INSERT INTO toy_produce VALUES
(6,5,9,4,200000),					
(2,1,3,8,100000),
(5,4,4,5,3000),
(6,7,9,7,100000),
(1,3,3,4,0)				
;

